TERYT;TELEFON
0224013;748171478
0202011;748334255
0214023;713146251
0225033;757725115
0221011;748449311
0201011;756456400
0201022;757323221
0205023;757413215
0217012;713933221
0222013;713195117
0208063;748117600
0216013;768185020
0209011;768188285
0209022;768188502
0224022;748103556
0213012;713848182
0221042;748450139
0223012;717265700
0223022;713230203
0219032;748586217
0214032;713141167
0215022;713017735
0208011;748697660
0214042;627869280
0202021;746450800
0202052;748325695
0216022;768316285
0203011;767265400
0203022;768365555
0221053;748459479
0204013;655443600
0216032;768315501
0201032;757382452
0212013;757813552
0206052;757515124
0205011;768702021
0219043;748588230
0221021;748455215
0215033;713817100
0261011;757546101
0204022;655447479
0203032;768312121
0206062;757132254
0223032;713911580
0224032;748162010
0207011;756455110
0207022;756106292
0206011;757619150
0223043;713907200
0208021;748654600
0208072;746474100
0223052;713698130
0217022;713926060
0218012;713170283
0203042;768318361
0206021;756439222
0213022;713846000
0209032;768878422
0208031;748661926
0209042;768575322
0208083;748117850
0262011;767212199
0209052;768582810
0210033;757211239
0208092;748698429
0210011;756464400
0210042;756465920
0207033;757411588
0211011;767468100
0211022;768403100
0212023;757833166
0212033;756477888
0202062;748939455
0218022;713179223
0219052;748585226
0207042;757410367
0205032;768713440
0221063;748494300
0223062;713168113
0214053;627856019
0208103;748126327
0218032;717359228
0213033;713840004
0209062;768871212
0212043;756470440
0205042;768788520
0206072;756439960
0204032;655435676
0202073;748376265
0208041;748720300
0208112;748722263
0201043;757380660
0220013;713103519
0214011;717982100
0214062;713140200
0210053;757212368
0215011;713035501
0215042;713133044
0201052;757312107
0205052;768701792
0203052;768317126
0206031;757548900
0226032;768775013
0225043;757786511
0202031;748365487
0202041;748324910
0210062;757221690
0206082;757548101
0208051;748680600
0216043;768474107
0201000;757323258
0202000;748321864
0203000;767282801
0204000;655443900
0205000;767290100
0206000;756473100
0207000;756450100
0208000;748657511
0209000;767243560
0210000;756464300
0211000;767467100
0212000;757823650
0213000;713841328
0214000;713140114
0215000;713011522
0216000;767461500
0217000;713923016
0218000;713175646
0219000;748500400
0220000;713879501
0221000;748460700
0222000;713805901
0223000;717221701
0224000;748162800
0225000;757761555
0226000;768786930
0209073;768584342
0220023;713126224
0216053;768319210
0217032;748102052
0208123;748735000
0216062;768311478
0211032;767492100
0209082;768580311
0223083;717860901
0210072;757221778
0223073;713162043
0206092;757514337
0221072;748452220
0224042;748164510
0208133;748117711
0219063;748560599
0217043;713921971
0225052;757787288
0214073;627855100
0221031;748493916
0208143;748683305
0206041;757547708
0211043;767400200
0218043;713173052
0219011;748562800
0219072;748521226
0219021;746669517
0210021;757816489
0226043;757135360
0220033;713120611
0214083;713992200
0218052;767442870
0221082;748494340
0265011;746655100
0201062;757389592
0205062;768874323
0204043;655437850
0225063;757712556
0217053;713931136
0222022;713804200
0220042;713084800
0212053;757136438
0226011;757512230
0200000;717769053
0222033;713191305
0264011;717777777
0226052;768773396
0225011;757788282
0220052;713128182
0224053;748165300
0225021;757756604
0225072;757721400
0224063;748163870
0226021;768779100
0226062;768783780
0224073;748164164
0219083;748580084
0220063;713853057
0223092;713165302
0203062;768314241
0401011;542824855
0401042;542822059
0401052;542724100
0401021;544161800
0401062;542722302
0401031;542838126
0401000;542827900
0401072;542831885
0401082;542830044
0401092;542720931
0402062;564936810
0402022;564913350
0402011;564930300
0402032;564941612
0402042;564912910
0402053;564989249
0402073;566976800
0402082;564938123
0402000;564950800
0402092;564938460
0402102;564939317
0403012;523239090
0461011;525858913
0403022;523816056
0403032;523648010
0403043;523826400
0403052;523206868
0403062;523241800
0403000;525835400
0403072;525870401
0403083;523870144
0404011;566771717
0404022;566861540
0404032;566867056
0404042;566768614
0404052;566768101
0404000;566772410
0404062;566770900
0404072;566866006
0405022;566837781
0405011;566835412
0405032;566835400
0405043;566841024
0405000;566835380
0405052;566837522
0405062;542801921
0462011;564510200
0406012;564511111
0406022;564683121
0406033;564665043
0406000;564514400
0406043;566886001
0406052;564688494
0406062;564661613
0407022;523512170
0407033;523543008
0407011;523555300
0407042;523555810
0407053;523514411
0407063;523515010
0407073;525665024
0407000;523592100
0407082;523511390
0407092;523517160
0408022;542305132
0408032;543067535
0408043;542530500
0408052;542894670
0408011;542884211
0408062;542872048
0408000;542872039
0408073;542878521
0408082;542876260
0408092;542897380
0409012;523153215
0409022;523187220
0409033;523185500
0409000;523180304
0409043;523189291
0410013;525893720
0410023;523867410
0410033;523867900
0410000;523866622
0410042;523393930
0410053;523910700
0411022;542851317
0411032;542850157
0411042;542650005
0411053;542654180
0411000;542853553
0411011;542857100
0411062;542853686
0411072;542869035
0412022;542701123
0412000;542802432
0412032;542801621
0412011;542809600
0412042;542809700
0412052;542700212
0412062;564938321
0413000;523881300
0413013;523894510
0413023;523894200
0413032;523890110
0413043;523895207
0414012;523309310
0414022;523324969
0414032;523317008
0414042;523318025
0414052;523323002
0414063;523337210
0414072;523329592
0414000;525683100
0414082;525624300
0414093;523332310
0414102;523322280
0414112;523326040
0463011;566222555
0415011;566752291
0415022;566756076
0415032;542875001
0415042;566782100
0415052;566788217
0415062;566783222
0415072;566786022
0415000;566628888
0415082;566781212
0415092;566741311
0416012;523347550
0416022;523367310
0416032;523344091
0416042;523349310
0416000;525590700
0416052;523340710
0416063;525642500
0417000;566882450
0417022;566884910
0417032;566888167
0417042;566875200
0417052;566877500
0417011;566884500
0464011;544113500
0418022;542845611
0418032;542840181
0418043;542316310
0418052;562846617
0418063;542848070
0418072;542517210
0418083;542865009
0418011;542841255
0418092;542842252
0418102;542513312
0418113;542843089
0418123;542862013
0418000;542304600
0418132;542305300
0419013;523834100
0419022;523036210
0419033;523023034
0419043;523844052
0419000;523031100
0419052;523024053
0419063;523031301
0400000;566218600
0601032;833434950
0661011;833416100
0601042;833723221
0601052;833413073
0601062;833754155
0601072;833414192
0601082;833450720
0601092;833417003
0601011;833726210
0601102;833712496
0601112;833778018
0601000;833511395
0601122;833453550
0601132;833784557
0601142;833783358
0601152;833793019
0601021;833752130
0601162;834112000
0601172;833771003
0601182;833782102
0601192;833757586
0602022;846875002
0602011;846869600
0602032;846882830
0602042;846856022
0602053;846857527
0602062;846858002
0602073;846878133
0602082;846877419
0602092;846874002
0602102;846891002
0602112;846852518
0602000;846882000
0602123;846897161
0602132;846876005
0602142;846833335
0603022;825682204
0603032;825636553
0662011;825652070
0603042;825661089
0603052;825668002
0603062;825671551
0603072;825675494
0603000;825627501
0603152;825688159
0603011;825663277
0603082;825664211
0603092;825686033
0603102;825673012
0603112;825692202
0603122;825693266
0603132;825669102
0603142;825680182
0604022;846532524
0604032;846515447
0604011;846962380
0604042;846962681
0604052;846519004
0604000;846965068
0604062;846575059
0604072;846577266
0604082;846572005
0605012;158745134
0605022;158755132
0605032;158752215
0605042;158710002
0605053;158724330
0605063;158715079
0605072;158740204
0605000;158720309
0606022;815853002
0606032;846838156
0606042;846183034
0606011;825762157
0606052;825763753
0606062;825775511
0606072;825773004
0606000;825767286
0606092;846841123
0606102;825759281
0606112;846831676
0607023;158613061
0607032;818221006
0607042;158381105
0607011;818251572
0607052;818843427
0607000;818255899
0607062;158714130
0607072;158731879
0607082;818225030
0607092;818212001
0607102;818215002
0608022;818525001
0608032;818575041
0608042;818578001
0608052;818527039
0608063;818591004
0608011;818552273
0608072;818553586
0608082;818566001
0608092;818512004
0608103;818520003
0608112;818562002
0608000;818552865
0608122;818550450
0608132;818523045
0609013;815172724
0609022;815111702
0609033;815660004
0609042;815018063
0609052;817518760
0609062;815610570
0609072;815020425
0609082;815031081
0609092;815664051
0609102;815175085
0609112;817561521
0609000;815286603
0609122;815666025
0609132;815177353
0609142;817464844
0609152;846806206
0609162;846809700
0663011;814661000
0610012;825677003
0610022;817570901
0610033;815358600
0610042;817572026
0610000;815315200
0610052;817575012
0610062;817577048
0611032;257553167
0611042;257551006
0611011;257983001
0611052;257982439
0611000;257982203
0611062;257554502
0611072;257981104
0611021;257970001
0611082;257970047
0611092;257960355
0611102;257554101
0611112;257542522
0612012;818277310
0612022;818288320
0612032;818287026
0612042;818276920
0612053;818277201
0612063;818204836
0612000;818272260
0612072;818281002
0613012;833557008
0613022;833560006
0613032;833567002
0613043;833551224
0613052;833795011
0613000;833551470
0613062;833547001
0613072;825912152
0614022;818834027
0614032;818815800
0614043;818810212
0614052;818816201
0614062;818811151
0614072;818818070
0614083;815014500
0614000;818861100
0614011;814586001
0614092;818874121
0614102;818825072
0614112;818814226
0615022;818574208
0615032;833513003
0615042;833722010
0615052;833535004
0615000;833527400
0615011;833512460
0615062;834131800
0615072;833518069
0615082;833530003
0616011;818830001
0616022;257543199
0616032;818661018
0616000;818657450
0616043;818657110
0616052;818663038
0616062;818667004
0617022;817597700
0617033;815821020
0617000;814687101
0617042;815844460
0617011;817517609
0617052;815856018
0618022;846652182
0618032;846634522
0618042;846630225
0618052;846617002
0618063;846611508
0618000;846643535
0618072;846471103
0618082;846654893
0618092;846624710
0618102;846613110
0618011;846643740
0618112;846643085
0618123;846612121
0618132;846616004
0619022;833798016
0619032;825714028
0619000;825725690
0619042;825710125
0619052;825713024
0619011;825721444
0619062;825721234
0619072;825915003
0619082;825913003
0620012;846186102
0620022;846512474
0620032;846153102
0620043;846607691
0620052;846113019
0620062;846180005
0620072;846312727
0620000;845300911
0620082;846818001
0620092;846113940
0620102;846213670
0620112;846164231
0620122;846826202
0620133;846821095
0620142;846392959
0664011;846392084
0620153;846872011
0600000;814416600
0801022;957510210
0801032;957287650
0801042;957216660
0801011;957278100
0801052;957277130
 0801000;957330400
0801062;957287510
0801073;957216440
0861011;957355500
0802022;683919200
0802032;683915796
0802042;683835148
0802011;684558100
0802052;683591640
0802063;684109700
0802072;683831321
0802000;683830218
0803012;957436610
0803023;957426930
0803000;957428410
0803032;957494310
0803042;957492310
0803053;957216510
0803063;957431400
0804023;683884022
0804032;683524177
0804043;683555940
0804011;684590300
0804052;683872016
0804063;683888154
0804072;683559400
0804000;684586800
0804082;683883218
0805013;683911440
0805022;957591211
0805033;957576029
0805000;957592010
0805043;957596254
0805053;957372000
0806013;957611001
0806023;957620202
0806000;957632380
0806032;957615052
0806043;957631130
0806052;957617580
0807012;957573161
0807023;957557052
0807000;957555243
0807032;957572271
0807043;957553601
0807053;683413012
0808012;683813021
0808022;683412186
0808000;684755308
0808032;683419213
0808042;683410700
0808053;684750880
0808063;683849140
0812000;655404800
0812013;683558310
0812023;655492327
0812033;655408600
0862011;684564100
0809013;683512034
0809022;683523332
0809033;683278041
0809043;683525131
0809053;683290962
0809000;684527575
0809063;683851100
0809072;683273115
0809082;683514131
0809092;683218300
0810032;683771610
0810011;683601076
0810043;683681400
0810053;683769027
0810062;683781038
0810000;684777901
0810073;683763811
0810082;683604045
0810021;684771040
0810092;683777021
0811032;683712205
0811043;684578872
0811052;683626230
0811063;684576101
0811011;683624700
0811000;684790600
0811072;683623287
0811082;683756822
0811092;683625720
0811021;684708300
0811102;684707300
0800000;684565200
1010012;447560027
1020043;422700300
1006022;422132440
1002022;242821420
1001022;446325211
1001011;447335116
1016022;447257010
1017012;438419090
1013023;468159377
1007012;447581414
1005022;468382695
1014023;438290932
1018012;627836083
1015012;468380305
1014032;438211778
1006032;422950111
1021022;468743699
1021011;468742224
1014042;438203026
1003012;436774011
1016032;447102389
1014052;438214095
1005032;468381423
1013032;468152429
1010022;446165169
1017022;438416805
1018022;627843111
1016042;447104500
1011012;436780123
1004022;243890400
1002032;242522592
1008032;446340521
1021032;468746294
1008042;436772683
1012022;446811193
1005042;468383522
1001032;446311079
1007023;483756091
1009013;848413177
1018032;627838618
1012032;343272027
1020052;427191291
1020011;427191151
1015022;468157530
1015032;468311140
1012042;446842485
1010032;446818006
1014062;438297051
1004032;243892400
1010042;446161125
1004042;632734121
1016052;447101233
1021042;468755371
1012053;446817123
1009022;438425028
1005052;242779080
1001042;447313110
1014072;438208493
1001052;446315002
1012062;446814412
1005062;468384825
1012072;446819325
1006073;447256700
1017032;438424419
1008011;422111173
1015042;468317026
1002043;242523024
1002052;243562902
1008052;422138050
1002062;243557020
1002011;242542417
1012082;446801381
1015052;468316197
1016062;447103510
1008062;436775011
1018042;438714052
1012092;446840895
1002072;243567400
1003023;436768300
1004052;243882117
1004011;247210342
1010052;447875325
1005072;468302630
1005011;468309151
1061011;426384444
1018052;627847027
1005082;468388778
1015062;468312017
1012102;447874616
1007032;447561522
1017042;438863277
1010062;446169625
1005092;468385665
1009032;343119670
1002082;243561400
1006082;426164500
1015072;462885910
1007043;447860100
1002092;243831150
1017052;438243391
1017062;438415026
1020062;422771444
1020021;427103100
1008072;422139660
1008021;422254600
1009043;343112123
1007052;447584082
1020072;427286095
1017072;438865220
1011022;436781519
1004062;247221158
1062011;447327701
1011033;436782580
1007062;447564034
1001000;446358600
1021000;468741111
1002000;243554780
1003000;436756800
1004000;243887200
1005000;468375902
1006000;426337191
1007000;447414900
1008000;422254000
1009000;343113120
1010000;447328800
1011000;436787800
1012000;446834509
1013000;468144631
1014000;438220501
1015000;468345915
1016000;447242127
1017000;438434280
1018000;627813370
1019000;438232204
1020000;422888100
1012113;447812261
1012122;446832707
1012011;446854500
1013042;468144241
1013011;468144711
1013052;468131623
1010072;447813269
1021052;468748070
1016072;447195940
1010082;446158068
1001062;436766011
1009052;446317122
1016082;447105111
1006103;422141210
1013062;468156191
1003032;436771157
1009062;438417217
1014082;438275550
1014011;438266165
1063011;468345100
1015082;468195600
1017082;438864477
1007072;447551850
1015092;468315591
1018062;627845159
1020083;427198002
1002102;243566601
1009072;343110778
1010093;446102501
1009082;446846056
1019023;438215004
1001072;446318050
1004072;632881021
1016092;447245573
1016011;447242311
1006113;426143069
1016102;447192123
1011043;632889740
1014093;438287100
1011052;436785105
1003042;436721034
1012132;447871087
1017093;438860234
1018073;627832610
1017102;438866113
1004082;243564710
1003052;436773322
1000000;426633000
1010102;446163961
1010113;446164241
1014102;438286600
1011062;436786160
1019032;438231982
1005102;468387426
1019042;438234120
1019011;438250201
1001083;446341000
1020092;427162515
1020031;427162854
1014113;438202270
1007082;447577055
1016112;447122712
1002113;243512033
1012142;343277001
1201011;146149100
1201022;146901120
1201032;122849811
1201042;146852100
1201052;146853901
1201063;146850912
1201000;146153700
1201072;146858600
1201082;146484420
1201092;146484520
1202012;146846370
1202023;146863100
1202033;146621710
1202042;146318560
1202052;146869600
1202062;146844010
1202000;146633111
1202072;146714455
1203013;122831240
1203022;326134013
1203033;327585000
1203043;326249201
1203000;326257995
1203053;326121227
1204012;146415018
1204023;146422775
1204032;146416002
1204042;146442412
1204052;146411070
1204000;146422431
1204062;146414139
1204073;146436278
1205023;134471113
1205033;183514300
1205011;183551211
1205042;183535762
1205052;134477021
1205062;183543039
1205072;183541300
1205000;183535380
1205082;183534014
1205092;183518016
1205102;183516042
1206012;122702104
1206022;122874003
1206032;123884003
1206042;123895247
1206052;123871410
1261011;126161200
1206063;122520800
1206072;122806241
1206082;123885740
1206092;122701013
1206000;126344266
1206103;123891098
1206113;122770100
1206123;123881102
1206132;123896028
1206143;122704030
1206152;124191703
1206162;122852116
1206172;122850850
1207032;183330020
1207042;183321251
1207052;183323004
1207062;183300210
1207011;183372054
1207072;183372252
1207082;183335021
1207021;183310417
1207092;183310009
1207102;183317002
1207000;183337800
1207112;183326200
1207122;183325637
1208012;413836110
1208022;123886029
1208032;413841048
1208042;413838002
1208053;413830040
1208000;413821110
1208062;413844016
1208072;413847900
1209013;123721700
1209022;182682017
1209033;126392300
1209042;122748050
1209000;122749740
1209052;123725203
1209062;123721800
1209073;122732075
1209082;122747022
1209092;122714086
1210022;184145610
1210032;184401035
1210011;184450140
1210042;184450204
1210052;184456017
1210062;184406610
1210073;184725555
1210082;184711227
1210092;184140710
1210102;184714009
1210113;184725910
1210122;184457067
1210133;184464043
1210142;184459033
1210000;184141600
1210152;184469040
1210163;184660270
1211032;182613540
1211042;182750070
1211052;182611121
1211062;182623077
1211072;182634595
1211082;182659310
1211011;182611242
1211092;182632200
1211102;182620910
1211000;182661300
1211112;182691250
1211123;182692000
1211132;182688370
1211142;182754703
1211023;182622203
1262011;184435308
1212032;326424501
1212011;326261831
1212042;326428508
1212053;326260104
1212000;326430414
1212062;123894019
1212073;326441260
1213023;327728500
1213033;338449010
1213043;338447600
1213052;338458261
1213011;338429100
1213062;338449500
1213072;338488008
1213000;338449600
1213082;338413294
1213093;338412215
1214012;123869039
1214022;413514048
1214033;123852094
1214042;413848037
1214000;123861846
1214053;123861005
1214062;123856244
1215032;338740032
1215042;182681220
1215011;182691700
1215052;182687600
1215063;338749724
1215000;338757800
1215072;338747272
1215021;338749500
1215082;338775015
1215092;338746002
1216013;146285800
1216022;146514250
1216032;146784886
1216042;146292820
1216000;146883300
1216053;146782044
1216063;146443635
1216072;146530501
1216082;146887000
1216162;146517300
1216092;146880172
1216103;146525176
1216112;146319012
1216122;146418045
1216133;146790108
1216143;146326460
1216153;146456012
1263011;146882400
1217022;182073197
1217032;182000870
1217042;182079100
1217052;182074112
1217000;182017100
1217011;182020400
1218013;338752360
1218022;338792029
1218033;338766218
1218042;338763569
1218052;338761483
1218000;338734250
1218062;338791876
1218072;338797412
1218082;338233598
1218093;338731811
1218102;338755118
1219012;122897070
1219022;122514166
1219032;122841100
1219043;122509434
1219000;123999800
1219053;122634100
1200000;126303333
1416022;862717003
1420032;236611091
1415012;297613776
1405032;468581351
1406012;486611271
1401013;486132572
1429022;257878013
1419012;242650100
1437013;236578056
1406022;486680010
1432013;227254555
1419022;242607006
1416032;862775003
1423012;486757910
1403032;256859070
1435012;295929310
1428022;227257003
1416043;297457554
1419032;242604013
1421033;227382612
1419042;242652013
1412042;257595948
1417032;227897060
1429032;257870779
1430012;486287053
1422023;297516540
1409012;483751032
1406032;486615700
1402011;236749200
1402022;236722646
1409022;483788080
1415022;297727017
1422032;236746215
1415032;297614567
1420042;242315861
1411022;297179505
1414022;227850002
1434052;297578002
1412052;257564700
1435022;296423650
1412062;257571190
1426012;256312982
1419053;242601441
1420052;236615904
1413022;236533012
1407012;486210194
1403011;257864242
1403042;256820560
1419063;242674150
1423022;486720011
1402033;236740017
1407022;486231075
1407032;486215003
1402042;236716020
1404011;242360710
1404022;242360750
1406042;486632260
1415042;297614043
1427022;242762112
1418013;227273411
1403052;256812254
1425022;483202097
1407042;486627014
1433022;257930040
1405043;227555534
1406053;486642301
1402052;236715012
1424012;236913122
1412073;227836020
1410012;833580123
1428032;242675080
1425033;486163135
1432022;227228930
1408022;227677300
1429042;227871023
1434062;256754044
1405052;468564026
1412082;257579190
1406062;486613570
1430022;486284860
1425042;483840505
1425052;483213021
1425062;483848470
1422042;297517030
1420062;236616041
1417011;227790000
1415052;297618016
1412093;257576618
1432032;227250040
1417043;227806083
1411032;296911013
1436012;486766033
1434072;297538800
1423032;486710010
1434011;227607008
1417052;257573992
1418023;227564810
1426022;256312022
1433032;256612284
1429053;257879105
1426032;256414383
1425072;486101760
1407053;486117100
1422052;236710017
1411042;297175073
1422062;297512720
1437022;236576259
1412102;257521065
1408011;227742031
1415062;297611981
1414032;227856600
1432042;227258005
1418032;227579340
1413032;236555029
1409033;483780048
1433042;257922821
1437032;236582078
1437042;236581001
1403021;256845250
1403062;256845024
1419072;243841400
1433053;256437800
1432053;227686324
1410023;833573542
1415072;297725027
1403072;256825737
1407062;486217025
1411011;297171002
1419082;242697960
1416052;296448000
1434021;227811003
1403082;257511286
1421042;223509191
1433062;256918327
1405011;227583061
1412011;257595311
1412112;257562500
1430032;486283889
1413011;236543382
1428042;468641750
1411052;297680062
1427032;242763333
1406073;486635149
1426042;256411315
1426053;256415402
1412123;257574190
1438023;468582820
1415083;297721141
1421052;227298185
1420072;236631051
1414043;236933000
1408032;227670400
1428052;468612051
1420082;236614920
1406083;486741098
1419092;242610272
1414011;225122000
1416062;862779900
1424022;297411004
1423042;486716057
1402062;236718320
1410032;833575123
1415092;297613107
1402072;236736110
1430042;486185900
1417062;256857026
1461011;297646811
1416011;296795450
1416072;297468600
1417021;227792001
1432063;227222207
1404032;242858054
1426062;256312110
1403092;256855319
1418043;227017500
1421011;227705200
1403103;256856110
1425011;483414200
1425082;486121514
1410042;833578447
1462011;243645555
1411062;297178061
1420011;236622691
1420092;236625635
1406092;486686494
1405021;227592100
1424032;236918721
1436022;486770039
1414052;227652724
1434082;257520380
1423052;486713046
1401000;486133414
1402000;236723485
1403000;256843010
1404000;242357981
1405000;227241833
1406000;486651100
1407000;486117300
1408000;227640100
1409000;483783011
1410000;833590334
1411000;297173660
1412000;257598700
1413000;236543409
1414000;227653200
1415000;297643645
1416000;296457101
1417000;227781300
1418000;227572051
1419000;242676800
1420000;236624039
1421000;227381400
1422000;297522270
1423000;486752352
1424000;233067101
1425000;483655801
1426000;256447216
1427000;242759100
1428000;468641840
1429000;257817400
1430000;486177000
1432000;227337200
1433000;257409200
1434000;227874301
1435000;297435900
1436000;486763389
1437000;236574700
1438000;468553717
1418052;227270177
1401022;486133628
1421021;227358888
1422011;297564900
1422072;297522709
1426072;256412322
1436032;486773016
1423063;486752219
1425092;486180087
1424043;236920391
1438032;468318169
1420021;236791163
1420102;236791280
1463011;483620419
1419102;242613497
1401032;486136362
1413042;236798035
1438042;468577171
1434093;226676767
1421062;227017777
1402082;236811756
1429062;257875023
1427042;242764076
1411073;297679120
1423072;486727022
1428062;468611438
1435032;295929260
1409042;486167024
1415102;297617301
1411082;297613409
1429072;257874190
1433072;256753308
1404042;242777810
1410052;833599198
1408043;227828805
1407072;486216008
1426082;256327731
1464011;256430700
1437052;236796176
1412132;257572020
1409052;483786011
1427011;242758686
1427052;242755701
1425103;486103089
1426092;256312861
1419112;242778077
1419122;242679560
1417072;256858090
1403112;256825023
1428011;468622235
1428072;468642600
1420112;236618001
1429011;257817500
1429082;257812610
1409062;483761266
1435042;297418790
1402092;236713085
1412142;257575858
1419132;243668710
1401042;483857790
1410062;833587822
1432072;227229581
1419142;242663080
1416082;296446422
1429092;257870004
1433082;256919020
1434102;257562828
1401052;486191020
1413052;236794004
1413062;236531254
1426102;256314515
1412151;227606221
1411092;297177783
1404052;242351372
1427062;242767167
1411102;297176001
1413072;236534038
1416092;864754075
1430053;486178630
1413082;236554019
1424052;236916045
1418063;227157900
1436042;486768023
1428082;468613815
1434113;297573016
1403122;256827120
1415112;297671041
1406113;486651200
1465011;224431000
1416102;296458000
1433011;257922326
1417082;225125800
1413092;236540004
1408052;227822732
1423082;486730001
1425112;486183600
1433092;257934495
1403132;256853070
1424062;236914092
1438052;468545010
1426112;256417313
1413102;236557024
1426122;256312658
1400000;225979100
1425122;486186020
1434123;227633000
1435053;297424201
1419153;242672600
1401063;486157003
1435062;297571228
1414063;227852145
1425132;486105122
1420122;236619013
1416112;862706004
1424072;297410394
1427072;242766101
1434031;225109700
1426132;256416390
1434041;227613971
1436053;486762210
1405062;468578181
1403143;257541144
1437063;236572558
1438011;468581500
1601011;774169970
1601033;774040300
1601043;774246600
1601052;774118630
1601062;774129682
1601000;774447900
1601022;774046600
1602013;774036920
1602022;774868228
1602033;774852325
1602043;774854356
1602000;774053660
1603022;774872266
1603032;774871159
1603011;774050311
1603042;774036461
1603052;774801460
1603000;774833108
1603062;774820350
1604013;774134216
1604023;774181481
1604032;774175470
1604000;774185218
1604043;774188340
1605013;774076800
1605023;774466800
1605000;774074300
1605032;774076660
1605042;774667540
1605053;774064400
1606012;774108250
1606023;774190304
1606032;774693080
1606000;774103695
1606042;774196179
1606052;774195511
1607013;774092100
1607022;774312135
1607033;774343820
1607042;774311300
1607053;774080500
1607063;774315016
1607073;774316791
1607082;774357614
1607000;774085070
1607092;774318082
1608013;343575100
1608023;343505710
1608033;343597842
1608000;343597833
1608043;343591009
1608052;343599004
1608062;343595072
1608072;774216076
1661011;774511800
1609012;774219696
1609022;774641010
1609032;774695525
1609042;774031700
1609052;774270533
1609062;774214034
1609073;774606295
1609083;774622810
1609092;774692027
1609000;775415101
1609103;774013700
1609112;774640850
1609122;774600143
1609132;774212012
1610013;774388531
1610023;774069900
1610032;774074650
1610000;774381700
1610043;774066200
1611012;774617260
1611022;774623500
1611033;774611140
1611043;774615281
1611000;774401700
1611053;774049300
1611063;774048750
1611073;774623100
1600000;775416410
1801032;134619009
1801052;134610013
1801000;134712500
1801083;134608000
1802013;134341050
1802022;134347041
1802032;134303002
1802042;134391002
1802052;134306033
1802062;134398020
1802000;134342645
1803023;146803026
1803032;146761030
1803011;146838100
1803042;146803310
1803052;146833053
1803063;146721036
1803000;146803100
1803072;146807121
1804032;166240000
1804011;166248700
1804042;166248610
1804052;166285046
1804062;166220380
1804000;166246200
1804073;166236114
1804021;166282417
1804082;166281138
1804092;166221391
1804102;166225822
1804112;166223631
1805022;134460105
1805032;134413728
1805011;134486300
1805042;134436669
1805053;134460221
1805062;134414045
1805072;134415605
1805082;134420005
1805000;134463189
1805092;134491062
1805112;134424089
1806012;172837702
1806062;177442109
1806023;172271333
1806032;158471074
1806042;172279341
1806000;177445771
1806052;172285034
1807012;134313083
1807023;134329100
1807033;134350212
1807102;134310581
1807043;134484710
1807052;134354080
1861011;134367543
1807062;134315190
1807072;134353012
1807000;134375700
1807083;134355006
1807092;134385016
1821012;134684077
1821022;134686338
1821033;134698001
1821042;134617045
1821000;134697124
1821052;134692118
1808022;172428265
1808032;172438010
1808011;172427333
1808042;172406200
1808053;172413177
1808000;172404500
1809023;166311076
1809032;166313455
1809011;166328010
1809042;166321684
1809053;166317087
1809063;166315010
1809000;166328700
1809072;166318050
1809082;166310126
1810022;172245227
1810032;172262324
1810011;172252202
1810042;172252264
1810052;172265352
1810000;172257000
1810062;172261281
1810072;172243018
1811022;175815516
1811032;177741922
1811042;177744282
1811011;177888500
1811052;177730590
1811062;158514460
1811000;177800400
1811073;175813119
1811083;146819121
1811092;177743720
1811102;146669751
1812012;158791306
1812022;158713141
1812032;158794304
1812042;158798352
1812053;158415643
1812000;158412700
1812063;158761002
1812073;158763041
1813012;166726091
1813022;166511156
1813032;166719817
1813042;166718370
1813052;166711486
1813062;166715391
1813072;166712693
1813000;166785054
1813082;166704800
1862011;166786820
1813092;167354003
1813102;166713378
1814022;166229001
1814032;166411429
1814042;166514014
1814053;166423142
1814000;166487009
1814011;166487844
1814062;166487397
1814073;166227301
1814082;166421221
1814092;166401528
1815012;177455950
1815022;177451160
1815000;172218306
1815033;172210510
1815043;172216001
1815052;172214819
1816023;172297119
1816033;178755200
1816042;172296606
1816011;166521093
1816052;166521257
1816063;177897010
1816072;172304560
1816082;178556776
1816092;172300200
1816102;178503914
1816000;178671463
1863011;177889900
1816113;177729019
1816122;178670100
1816132;177713700
1816143;172219310
1817022;134673061
1817032;134674015
1817042;134677035
1817000;134652900
1817011;134652811
1817052;134656551
1817062;134656931
1817073;134622062
1817082;134671001
1818022;158708324
1818000;156433709
1818032;158410004
1818042;158454302
1818011;156433456
1818053;158738476
1818062;158459419
1819012;177172100
1819022;172777110
1819032;172773002
1819000;172765000
1819043;172761354
1819052;172775063
1820013;158118581
1820022;158362075
1820032;158112715
1820043;158462671
1820000;153067010
1864011;158226570
1800000;178501700
2001011;876434212
2001022;876433767
2001032;876424091
2001043;876422700
2001052;876419520
2001062;876439080
2001000;876439650
2001072;876439750
2002013;857132200
2002023;857131350
2002032;857428155
2002042;857180698
2002052;857132880
2002063;857152251
2002073;857131773
2002082;856501314
2002000;857403952
2002093;857132702
2002103;856503598
2002112;857158000
2002123;857181627
2002133;857185400
2002143;857188100
2002152;857140028
2061011;858696001
2003011;857318103
2003032;857306851
2003042;857319610
2003021;857375362
2003052;857375031
2003062;857305787
2003000;858332616
2003072;857305850
2003082;857305890
2004011;862730802
2004022;862723000
2004000;862738400
2004032;862737110
2004043;862721940
2004053;862735080
2004062;862731001
2005022;856812487
2005032;856850400
2005042;856818990
2005052;856827981
2005011;856822180
2005062;856822500
2005073;856818004
2005082;856816016
2005092;856829880
2005000;856822718
2006022;862790021
2006011;862782133
2006032;862789123
2006042;862791312
2006000;862782429
2006053;862785511
2006062;862786333
2062011;862163389
2007013;862172040
2007022;862162246
2007032;862174978
2007043;862175528
2007052;862162476
2007000;862156900
2007062;862177003
2007072;862241560
2007082;862196018
2007092;862140029
2008013;857380043
2008022;857278030
2008032;857278012
2008043;857279971
2008052;857169033
2008063;857162587
2008000;857278801
2008072;857385056
2009022;875165038
2009032;875164010
2009000;875173910
2009042;875161040
2009011;875162073
2009052;875162045
2010023;856565260
2010032;856565900
2010042;856568030
2010052;856565861
2010062;856579070
2010072;856575078
2010082;856578515
2010000;856566502
2010011;856565800
2010092;856552860
2011013;857121100
2011022;857216002
2011032;857229181
2011043;857228550
2011052;857229281
2011062;857226032
2011000;857110876
2011072;857220985
2011083;857110900
2011093;857229400
2011102;857221404
2012012;875694023
2012022;875696081
2012032;875683022
2012000;875659203
2012042;875627233
2012052;875686420
2012062;875687254
2012072;875659300
2012082;875659041
2012092;875688049
2063011;875628102
2013023;862771145
2013033;862755036
2013042;862774520
2013052;862743003
2013062;864769015
2013072;864769520
2013000;862752417
2013082;864763010
2013093;864760132
2013011;862752592
2013102;862752627
2014022;862703026
2014000;862712418
2014032;862763168
2014042;864768011
2014011;862714831
2014052;862714616
2000000;856654600
2201012;598211316
2201023;598222317
2201032;598212643
2201042;598213231
2201052;598217080
2201063;598570700
2201072;598214800
2201000;598228000
2201082;598216600
2201092;598580223
2201102;598215040
2202023;523969300
2202011;523971800
2202032;523972129
2202043;523954860
2202052;598331008
2202000;523966501
2203023;598332079
2203011;598342291
2203032;598341001
2203043;598335351
2203052;598574258
2203000;598342595
2203062;598334301
2203072;598331722
2261011;583236000
2204022;586836164
2204032;586910520
2204000;586834999
2204011;587759921
2204042;586929421
2204052;586825146
2204062;586839128
2204072;583556800
2204082;586828323
2262011;586688000
2205012;586856868
2205023;586945106
2205000;586853343
2205032;585001600
2205042;586819500
2205052;586841121
2205062;588828940
2205072;586856360
2205083;586858300
2206022;586880022
2206032;586873322
2206011;586802300
2206042;586865980
2206052;586878520
2206062;586874515
2206072;586877127
2206000;586801840
2206082;586876020
2207022;552624050
2207011;556464700
2207032;552614151
2207000;556465000
2207043;552782001
2207052;552774270
2207062;552757510
2208032;598613460
2208011;598624280
2208021;598661510
2208042;598612428
2208000;598632810
2208052;598611182
2209032;552712723
2209011;556290400
2209042;556472807
2209062;552711531
2209073;552715100
2209000;556460400
2209082;552713532
2210011;552476527
2210023;552472401
2210032;552471328
2210000;552473671
2210042;552478171
2210052;552478151
2211011;586777240
2211021;586751999
2211052;586604343
2211062;586754100
2211000;586734202
2211031;586730500
2211072;586732096
2211041;586745400
2212022;598484431
2212032;598131623
2212042;598116010
2212053;598576621
2212062;598429070
2212072;598115072
2212000;598418500
2212082;598428460
2263011;598488300
2212092;598117215
2212011;598154300
2212102;598146044
2264011;585213751
2213042;585621766
2213013;585878850
2213052;585889201
2213062;585885226
2213072;585881468
2213082;565821281
2213000;587673500
2213093;585882201
2213021;585824754
2213102;585824645
2213112;585619033
2213031;585306019
2213122;585625067
2213132;585884567
2216013;552762501
2216022;556404357
2216000;552677441
2216032;552761481
2216042;556405050
2216053;556406303
2214023;585307919
2214032;585362719
2214043;585361261
2214000;587734800
2214052;585368501
2214011;587759300
2214062;585305132
2215042;585723940
2215052;586767677
2215062;586768582
2215072;586782068
2215082;586789135
2215000;585729411
2215011;586788023
2215021;586796500
2215092;586764423
2215031;586777000
2215102;586779701
2200000;583268555
2401011;322677041
2401042;322877887
2401021;327637900
2401052;322887900
2401000;323680700
2401062;322944900
2401073;326499400
2401081;322931552
2401031;327695066
2402022;322157700
2461011;334971497
2402032;334990066
2402043;322147110
2402052;334726200
2402062;338286600
2402072;338298650
2402082;338272810
2402000;338136900
2402011;338295000
2402093;338129430
2402102;334990077
2414011;323242400
2414042;322189366
2414052;322257503
2414021;322255505
2414031;322166511
2414000;322269100
2462011;322812051
2463011;324165000
2403042;338536222
2403052;338561096
2403011;334794200
2403062;338533881
2403072;334790510
2403082;338569479
2403092;338556500
2403000;334777144
2403103;338533854
2403113;338570142
2403021;338579300
2403031;338552425
2403122;324755100
2404013;343270409
2464011;343707100
2404022;343555018
2404032;343278048
2404042;343273338
2404052;343281122
2404063;343551881
2404072;343282057
2404082;343202003
2404092;343550021
2404102;343284005
2404112;343288019
2404122;343285076
2404132;343274126
2404000;343229100
2404142;343554120
2404152;343279014
2404162;343140334
2465011;322956700
2466011;322313041
2405032;323011300
2405011;322351017
2405042;322356521
2405000;323326600
2405021;323326000
2405052;324000700
2405063;322387191
2405073;322378000
2405082;322378500
2467011;324785100
2468011;326181540
2469011;322593909
2406013;343100150
2406023;343175172
2406032;343188032
2406042;343178010
2406052;343196033
2406062;343179035
2406072;343177067
2406000;343109500
2406082;343191154
2406092;343170245
2407022;343539100
2407032;343535100
2407042;343574100
2407052;343533100
2407062;343576100
2407011;343530100
2407072;343534100
2407000;343510500
2407083;343669911
2408011;323248010
2408021;323248500
2408042;322355320
2408031;323248800
2408000;323248100
2408052;323256800
2470011;323171100
2409023;343411219
2409011;343132682
2409032;343151020
2409042;343145251
2409000;343159101
2409053;343148036
2471011;322872041
2410012;322107185
2410022;322188182
2410032;322116196
2410042;324756300
2410000;324492300
2410053;324493900
2410062;324493050
2411022;324301037
2411033;324108202
2411042;324194050
2411053;324191417
2411062;324102018
2411072;324198075
2411000;324597300
2411011;327550600
2411082;324106418
2472011;322449000
2412013;324295911
2412022;324327140
2412032;324302002
2412042;324300051
2412000;324228300
2412052;324327500
2473011;324392000
2474011;327605200
2475011;322960600
2476011;323491800
2413011;343527630
2413052;322857016
2413021;323938001
2413062;323932860
2413000;323813725
2413031;322890727
2413072;322847400
2413041;323933600
2413082;322857493
2413092;322337012
2477011;327763333
2415052;324765065
2415062;324513056
2415072;324516128
2415082;324592800
2415092;324759740
2415000;324539710
2415011;324559551
2415021;324590200
2415031;324537411
2415041;324590460
2478011;323733300
2416032;343543009
2416042;343152150
2416053;326729422
2416063;326709700
2416073;326735104
2416011;326771355
2416000;324507101
2416083;343557069
2416092;343153030
2416021;324941265
2416102;326449320
2479011;324348200
2417022;338661325
2417032;338653020
2417042;338630700
2417052;338639407
2417062;338670622
2417072;338651601
2417082;338630500
2417092;338637190
2417000;338605000
2417102;338676610
2417112;338643155
2417122;338654098
2417132;338638010
2417142;338647350
2417152;338609797
2417011;334754203
2400000;322078888
2601013;413705200
2601022;413532038
2601032;412345409
2601042;413765403
2601000;413705020
2601052;413776041
2601062;413779800
2601072;413533135
2601082;413690900
2602012;413851210
2602023;413861010
2602033;413855135
2602042;413814567
2602052;413808048
2602000;413863741
2602063;413811127
2602072;413816024
2602082;413871037
2602092;413806118
2603012;413511610
2603022;413512028
2603033;413521937
2603042;413518052
2603000;413502312
2603053;413529085
2661011;413676000
2604012;413025094
2604023;413115010
2604033;413151006
2604043;413542278
2604053;413171694
2604062;413023620
2604072;413437054
2604082;413914001
2604092;413110060
2604102;413031601
2604112;413737002
2604122;413114691
2604132;413178700
2604142;413004400
2604152;413538046
2604000;412001200
2604162;413535018
2604172;413475000
2604182;413038002
2604192;413001322
2605012;447873535
2605022;486724037
2605033;413723249
2605000;413724134
2605042;413735083
2605052;413731340
2605062;413911147
2605072;413739181
2605083;413741122
2606012;158686204
2606022;158601254
2606032;158691410
2606043;158681300
2606053;158610700
2606000;158682971
2606062;158692437
2606072;158385111
2606082;158614023
2607022;412641008
2607032;412653838
2607043;158612018
2607053;412613174
2607011;412672115
2607000;412476610
2607062;412646026
2608013;413526005
2608022;413568009
2608032;413565243
2608043;413573871
2608000;413576001
2608052;413561601
2609022;158311471
2609032;158661006
2609043;158477040
2609052;158669103
2609062;158365162
2609000;158322717
2609072;158314443
2609011;158154171
2609082;158377275
2609093;158364115
2610022;412541104
2610032;412548960
2610000;413953000
2610042;412714466
2610011;412520555
2610053;412543186
2611022;412711231
2611032;412713033
2611042;412721614
2611000;412760900
2611011;412738202
2611053;412736130
2612012;158674086
2612022;158659236
2612032;413774036
2612043;158671203
2612053;158650305
2612000;158642765
2612062;158647930
2612073;158648305
2612083;413545125
2613012;447514246
2613022;413917026
2613032;343542003
2613000;413944950
2613042;343541120
2613052;343556017
2613063;413942669
2600000;413421530
2801011;897629804
2801032;897627700
2801043;895216400
2801021;897627020
2801052;897611322
2801000;897621720
2801063;897613181
2802011;556440102
2802022;556440300
2802033;552440660
2802042;552448183
2802053;552374600
2802062;556208600
2802000;556440200
2802072;552496504
2803011;236970400
2803022;236970700
2803032;236541014
2803043;236961505
2803052;236981755
2803000;236975940
2803062;236966055
2861011;552393000
2804012;552341884
2804022;552497210
2804032;552315613
2804042;552394351
2804052;552312284
2804063;552486082
2804073;552482001
2804000;552394900
2804082;552488155
2804093;552316121
2805011;877326200
2805022;876194500
2805032;876298415
2805000;876218300
2805042;876112012
2805052;876199053
2806011;877324137
2806042;874299960
2806052;874217002
2806062;874211060
2806000;874285958
2806083;874293960
2806102;874210019
2818012;876157172
2818022;876158137
2818033;876156000
2818000;876154455
2807011;896490101
2807032;896490800
2807043;552785500
2807021;896455300
2807052;896455410
2807000;896490700
2807063;552786015
2807073;897588377
2808022;897531003
2808011;897520520
2808032;897512474
2808043;897541828
2808000;897517500
2808053;897553900
2808062;897544520
2809022;897660995
2809011;897678500
2809032;897673274
2809042;895324450
2809053;552210200
2809000;897677900
2810023;874219050
2810011;897413256
2810032;897412924
2810042;897422029
2810000;897410150
2810052;897428179
2811012;896262002
2811022;896264480
2811032;896250833
2811043;896250710
2811000;896253279
2812022;564745057
2812032;564729710
2812042;564748281
2812011;564729610
2812052;564726300
2812000;564724220
2813032;875238279
2813043;875202168
2813000;877391865
2813052;875215420
2813062;876219060
2862011;895273111
2814013;895148439
2814023;897150110
2814033;896161314
2814042;895247640
2814052;895241900
2814063;895392741
2814072;895129237
2814082;897163226
2814093;895195450
2814000;895272130
2814102;895122223
2814112;895126475
2814122;896169883
2815022;896474087
2815032;896426900
2815042;896475070
2815052;897586124
2815063;897578300
2815073;896425801
2815083;897572231
2815011;896429400
2815092;896760700
2815000;896429800
2816013;874241350
2816023;873070940
2816033;874235210
2816000;874254700
2816043;874231036
2817022;896211232
2817032;896213045
2817043;896212011
2817000;896247000
2817052;897226002
2817011;896247200
2817062;896232580
2817072;896232060
2817082;896218100
2819012;874278003
2819000;874277600
2819022;874279006
2819033;874275400
2800000;895219000
3001022;672843201
3001011;672827171
3001032;672821608
3001043;672846068
3001000;672827261
3001053;672848003
3002011;672552802
3002022;672552227
3002032;672569128
3002043;672564145
3002052;672556012
3002062;672567028
3002000;672530160
3002073;673527311
3002083;672561170
3003023;614291310
3003011;614260400
3003032;614245750
3003042;614297010
3003053;614270125
3003062;614275920
3003072;614295060
3003082;614272194
3003000;614240706
3003093;614154306
3003103;614778194
3004013;655716120
3004023;655752110
3004033;655711111
3004042;655736305
3004052;655719030
3004063;655734620
3004073;655731433
3004000;655752513
3005012;614472001
3005023;614453000
3005032;614423388
3005000;614452500
3005043;614441002
3005053;614433001
3006012;627474102
3006023;627499600
3006032;627405481
3006000;627472920
3006043;627403024
3007012;627511066
3007022;627698004
3007032;627631002
3007042;627611089
3007052;627637085
3007062;627634114
3007072;627613123
3007082;627618537
3007000;625014200
3007093;627528079
3007102;627625015
3007112;627691008
3061011;627654300
3008012;627810400
3008022;627811201
3008033;627825804
3008042;627814520
3008052;627861060
3008000;627828900
3008062;627816823
3008072;627815000
3009022;632711071
3009032;632737220
3009043;632710073
3009052;632718255
3009063;632730622
3009011;632720810
3009072;632720365
3009082;632716222
3009092;632739010
3009102;632624170
3009000;632617836
3009113;632738467
3062011;632401111
3010013;632418095
3010022;632485500
3010032;632411210
3010043;632700900
3010052;632470004
3010062;632413280
3010000;632403200
3010073;632481001
3010082;632419018
3010092;632682079
3010103;632714054
3010112;632416216
3010123;632704011
3010132;632611380
3010142;632683032
3011023;612826703
3011011;655121111
3011032;655121001
3011043;655170525
3011000;655121785
3011053;655180139
3012023;655482401
3012033;627216088
3012043;627254201
3012000;627254256
3012052;627221305
3012011;627223218
3012063;627215001
3013012;655369200
3013022;655340127
3013033;655350016
3013000;655296801
3013043;655388434
3013052;655333510
3013062;655494086
3013072;655252999
3063011;655298100
3014012;612951011
3014022;612915065
3014033;957488100
3014000;957488700
3014043;612953011
3015012;614472726
3015023;614414024
3015032;614410240
3015043;614426610
3015053;614477281
3015000;614426700
3015063;683866009
3016013;616559100
3016000;612973100
3016023;672684400
3016032;672837002
3017023;627629700
3017033;627331516
3017011;625822400
3017042;627351190
3017000;627378400
3017052;625927722
3017063;627343510
3017072;627396076
3017082;627393910
3018012;627311006
3018022;627363220
3018033;627305024
3018042;627316283
3018052;627312038
3018063;627310091
3018073;627320600
3018000;627320040
3019022;672875013
3019032;672842371
3019043;672868100
3019052;672873196
3019011;672126210
3019000;672109300
3019062;672161235
3019073;672840003
3019083;672862400
3019093;672871004
3020012;627415330
3020022;627417567
3020033;627413013
3020042;627411517
3020052;627617017
3020063;627428300
3020000;627429652
3064011;616463344
3021033;618140671
3021042;616544204
3021052;618148331
3021062;618176017
3021072;618107751
3021083;618178565
3021093;618170411
3021011;618130011
3021103;618109500
3021113;618923600
3021123;618977100
3021000;618410500
3021021;618983700
3021132;618960601
3021143;618197120
3021152;618926250
3021163;616512000
3021172;618959200
3022013;655456230
3022023;655471419
3022033;655474507
3022042;655478332
3022000;655462211
3022053;655465400
3023022;632763512
3023032;632684094
3023042;632765121
3023000;632758600
3023052;632776272
3023011;632772727
3023062;632743676
3023072;632750619
3023083;632748810
3024022;612919075
3024032;612918065
3024011;612913187
3024042;612913065
3024053;612931710
3024063;612938600
3024000;612928700
3024073;612927501
3024083;672545300
3025012;612859213
3025022;612851514
3025032;612874014
3025000;612858051
3025043;612867700
3025052;612857580
3026012;612842500
3026023;612825001
3026033;612822001
3026000;612837001
3026043;612835225
3027022;632797047
3027033;632799011
3027042;632885910
3027052;632883083
3027000;632223200
3027062;632791010
3027073;632793116
3027011;632896100
3027082;632794060
3027092;632795003
3028022;672613611
3028033;672615911
3028042;614298010
3028000;672680515
3028053;618925800
3028062;672611459
3028011;672621522
3028072;672680800
3029000;683842700
3029012;656156966
3029022;683848521
3029033;683474500
3030012;614385324
3030023;614382021
3030033;614386011
3030000;616404450
3030043;632768333
3030053;616404040
3031023;672662211
3031033;672639204
3031042;672665041
3031053;672669003
3031000;672633220
3031062;672664002
3031072;672667075
3031011;672632640
3031082;672632537
3000000;616266666
3201011;943122310
3201000;943120900
3201022;943122626
3201033;943117273
3201043;943115130
3202000;957488931
3202023;957659301
3202012;957680108
3202033;957682031
3202042;957655213
3202053;957685038
3202063;957654461
3203000;943633464
3203013;943755031
3203023;943633485
3203033;673616263
3203063;943672022
3203052;943618327
3204000;914180512
3204023;914698200
3204033;914187840
3204043;913926200
3204052;913910370
3204062;914667530
3204073;914188521
3205012;913861194
3205000;913846450
3205023;913853200
3205032;913877220
3205043;913851415
3205072;913849011
3205083;913872984
3206012;914166381
3206023;914144006
3206033;914141485
3206043;914162011
3206000;914153182
3206053;914666900
3206063;914146033
3206072;914857020
3206083;914148001
3206092;914167255
3207013;913813002
3207023;913860593
3207033;913821142
3207000;913823914
3207043;913275631
3207052;913832793
3207063;913261322
3208033;943512503
3208022;943584195
3208011;943551510
3208000;943547618
3208042;943530420
3208052;943583127
3208062;943588013
3208072;943515535
3261011;943488602
3209012;943162470
3209033;943187211
3209022;943180319
3209052;943459830
3209042;943183270
3209000;947140189
3209063;943188351
3209073;943185281
3209082;943161270
3218013;913914528
3218023;913974001
3218000;913976099
3218032;913972222
3218043;913951503
3218053;913971563
3210013;957461909
3210033;957603050
3210022;957606124
3210043;957472425
3210052;957471760
3210000;957472021
3211012;913113048
3211022;913119510
3211033;913129660
3211043;914311830
3211000;914328118
3212012;915644235
3212033;915641069
3212022;915630377
3212042;915643392
3212053;913970310
3212000;918811300
3212062;915612817
3213032;943446301
3213042;943184213
3213052;598108593
3213011;943142508
3213062;598107526
3213000;598104904
3213021;598103257
3214023;915622161
3214033;915620201
3214042;915640129
3214053;915623025
3214062;915610310
3214082;915613866
3214092;915739820
3214102;915613410
3214000;914804800
3214011;915770071
3214113;915624015
3262011;914225332
3215023;943736309
3215033;943739002
3215043;943733591
3215052;943736810
3215062;943743248
3215000;943724488
3215011;943714158
3216022;943642570
3216033;946366111
3216042;943643347
3216052;943647559
3216062;943652015
3216000;943650301
3216011;943652011
3263011;913212780
3217023;672591069
3217033;672595052
3217043;672693011
3217052;672580241
3217000;672582002
3217011;672584471
3200000;914807208
